---
description: 'https://leetcode-cn.com/problems/second-highest-salary/'
---

# 176. 第二高的薪水

## 思路1：order by

 将不同的薪资按降序排序，然后使用 [`LIMIT`](https://dev.mysql.com/doc/refman/5.7/en/select.html) 子句获得第二高的薪资。

```sql
SELECT DISTINCT
    Salary AS SecondHighestSalary
FROM
    Employee
ORDER BY Salary DESC
LIMIT 1 OFFSET 1

数据库返回结果
Empty set (0.00 sec)
```

然而，如果没有这样的第二最高工资，这个解决方案将被判断为 “错误答案”，因为本表可能只有一项记录。为了克服这个问题，我们可以将其作为临时表。

```sql
SELECT
    (SELECT DISTINCT
            Salary
        FROM
            Employee
        ORDER BY Salary DESC
        LIMIT 1 OFFSET 1) AS SecondHighestSalary

数据库返回结果
+---------------------+
| SecondHighestSalary |
+---------------------+
|                NULL |
+---------------------+
1 row in set (0.00 sec)

为什么使用临时表能解决null值问题，原因在这里：
select NULL 返回null值
mysql> select NULL;
+------+
| NULL |
+------+
| NULL |
+------+
1 row in set (0.01 sec)


```

## 思路2：**使用 `IFNULL`**

```sql
例句：
    SELECT IFNULL(NULL, "W3Schools.com");
Syntax：
    IFNULL(expression, alt_value)
```

解决 “NULL” 问题的另一种方法是使用 “IFNULL” 函数，如下所示。

```sql
SELECT
    IFNULL(
      (SELECT DISTINCT Salary
       FROM Employee
       ORDER BY Salary DESC
        LIMIT 1 OFFSET 1),
    NULL) AS SecondHighestSalary
```

## 思路3：

先去掉最大的，然后第二大的就是最大的了

```sql
select max(Salary) SecondHighestSalary 
from Employee
where Salary < (select max(Salary) from Employee)

有两个最大的并不影响, 比如[5, 5, 4, 4, 3], 子查询查出来max是5, 
放到判断语句中, 那么在where从句作用后的records中, 即[4,4,3]中, max是4.

对于 NULL 问题，是使用下面的方法解决的
mysql> select max(Salary) from (select * from employees) temp_table;
+-----------------+
| max(Salary)     |
+-----------------+
| NULL            |
+-----------------+
1 row in set (0.00 sec)
```

